file,subset,method,precision,recall,f1,fpr,tp,fp,fn,tn
artificialNoAnomaly/art_daily_no_noise.csv,artificialNoAnomaly,instability_score,0.0,0.0,0.0,0.09256198347107437,0,112,0,1098
artificialNoAnomaly/art_daily_no_noise.csv,artificialNoAnomaly,hybrid_windowed_confirmation,0.0,0.0,0.0,0.04297520661157025,0,52,0,1158
artificialNoAnomaly/art_daily_no_noise.csv,artificialNoAnomaly,volatility_percentile,0.0,0.0,0.0,0.1,0,121,0,1089
artificialNoAnomaly/art_daily_no_noise.csv,artificialNoAnomaly,cusum,0.0,0.0,0.0,0.0,0,0,0,1210
artificialNoAnomaly/art_daily_perfect_square_wave.csv,artificialNoAnomaly,instability_score,0.0,0.0,0.0,0.0,0,0,0,1210
artificialNoAnomaly/art_daily_perfect_square_wave.csv,artificialNoAnomaly,hybrid_windowed_confirmation,0.0,0.0,0.0,0.0,0,0,0,1210
artificialNoAnomaly/art_daily_perfect_square_wave.csv,artificialNoAnomaly,volatility_percentile,0.0,0.0,0.0,0.10330578512396695,0,125,0,1085
artificialNoAnomaly/art_daily_perfect_square_wave.csv,artificialNoAnomaly,cusum,0.0,0.0,0.0,0.0,0,0,0,1210
artificialNoAnomaly/art_daily_small_noise.csv,artificialNoAnomaly,instability_score,0.0,0.0,0.0,0.11652892561983472,0,141,0,1069
artificialNoAnomaly/art_daily_small_noise.csv,artificialNoAnomaly,hybrid_windowed_confirmation,0.0,0.0,0.0,0.07190082644628099,0,87,0,1123
artificialNoAnomaly/art_daily_small_noise.csv,artificialNoAnomaly,volatility_percentile,0.0,0.0,0.0,0.09917355371900827,0,120,0,1090
artificialNoAnomaly/art_daily_small_noise.csv,artificialNoAnomaly,cusum,0.0,0.0,0.0,0.0,0,0,0,1210
artificialNoAnomaly/art_flatline.csv,artificialNoAnomaly,instability_score,0.0,0.0,0.0,0.0,0,0,0,1210
artificialNoAnomaly/art_flatline.csv,artificialNoAnomaly,hybrid_windowed_confirmation,0.0,0.0,0.0,0.0,0,0,0,1210
artificialNoAnomaly/art_flatline.csv,artificialNoAnomaly,volatility_percentile,0.0,0.0,0.0,0.0,0,0,0,1210
artificialNoAnomaly/art_flatline.csv,artificialNoAnomaly,cusum,0.0,0.0,0.0,0.0,0,0,0,1210
artificialNoAnomaly/art_noisy.csv,artificialNoAnomaly,instability_score,0.0,0.0,0.0,0.10495867768595041,0,127,0,1083
artificialNoAnomaly/art_noisy.csv,artificialNoAnomaly,hybrid_windowed_confirmation,0.0,0.0,0.0,0.0859504132231405,0,104,0,1106
artificialNoAnomaly/art_noisy.csv,artificialNoAnomaly,volatility_percentile,0.0,0.0,0.0,0.17107438016528925,0,207,0,1003
artificialNoAnomaly/art_noisy.csv,artificialNoAnomaly,cusum,0.0,0.0,0.0,1.0,0,1210,0,0
artificialWithAnomaly/art_daily_flatmiddle.csv,artificialWithAnomaly,instability_score,0.0,0.0,0.0,0.1031578947368421,0,98,260,852
artificialWithAnomaly/art_daily_flatmiddle.csv,artificialWithAnomaly,hybrid_windowed_confirmation,0.0,0.0,0.0,0.06631578947368422,0,63,260,887
artificialWithAnomaly/art_daily_flatmiddle.csv,artificialWithAnomaly,volatility_percentile,0.12121212121212122,0.046153846153846156,0.06685236768802229,0.09157894736842105,12,87,248,863
artificialWithAnomaly/art_daily_flatmiddle.csv,artificialWithAnomaly,cusum,0.0,0.0,0.0,0.0,0,0,260,950
artificialWithAnomaly/art_daily_jumpsdown.csv,artificialWithAnomaly,instability_score,0.168141592920354,0.051630434782608696,0.079002079002079,0.11163895486935867,19,94,349,748
artificialWithAnomaly/art_daily_jumpsdown.csv,artificialWithAnomaly,hybrid_windowed_confirmation,0.07936507936507936,0.01358695652173913,0.02320185614849188,0.0688836104513064,5,58,363,784
artificialWithAnomaly/art_daily_jumpsdown.csv,artificialWithAnomaly,volatility_percentile,0.05434782608695652,0.01358695652173913,0.02173913043478261,0.10332541567695962,5,87,363,755
artificialWithAnomaly/art_daily_jumpsdown.csv,artificialWithAnomaly,cusum,0.0,0.0,0.0,0.0,0,0,368,842
artificialWithAnomaly/art_daily_jumpsup.csv,artificialWithAnomaly,instability_score,0.6650485436893204,0.37228260869565216,0.4773519163763066,0.08194774346793349,137,69,231,773
artificialWithAnomaly/art_daily_jumpsup.csv,artificialWithAnomaly,hybrid_windowed_confirmation,0.5056179775280899,0.12228260869565218,0.19693654266958424,0.052256532066508314,45,44,323,798
artificialWithAnomaly/art_daily_jumpsup.csv,artificialWithAnomaly,volatility_percentile,0.34615384615384615,0.12228260869565218,0.18072289156626506,0.10095011876484561,45,85,323,757
artificialWithAnomaly/art_daily_jumpsup.csv,artificialWithAnomaly,cusum,0.19348659003831417,0.5489130434782609,0.28611898016997167,1.0,202,842,166,0
artificialWithAnomaly/art_daily_nojump.csv,artificialWithAnomaly,instability_score,0.05952380952380952,0.01358695652173913,0.02212389380530973,0.09382422802850356,5,79,363,763
artificialWithAnomaly/art_daily_nojump.csv,artificialWithAnomaly,hybrid_windowed_confirmation,0.07936507936507936,0.01358695652173913,0.02320185614849188,0.0688836104513064,5,58,363,784
artificialWithAnomaly/art_daily_nojump.csv,artificialWithAnomaly,volatility_percentile,0.053763440860215055,0.01358695652173913,0.021691973969631236,0.10451306413301663,5,88,363,754
artificialWithAnomaly/art_daily_nojump.csv,artificialWithAnomaly,cusum,0.0,0.0,0.0,0.828978622327791,0,698,368,144
artificialWithAnomaly/art_increase_spike_density.csv,artificialWithAnomaly,instability_score,0.0,0.0,0.0,0.07933884297520662,0,96,0,1114
artificialWithAnomaly/art_increase_spike_density.csv,artificialWithAnomaly,hybrid_windowed_confirmation,0.0,0.0,0.0,0.09917355371900827,0,120,0,1090
artificialWithAnomaly/art_increase_spike_density.csv,artificialWithAnomaly,volatility_percentile,0.0,0.0,0.0,0.09917355371900827,0,120,0,1090
artificialWithAnomaly/art_increase_spike_density.csv,artificialWithAnomaly,cusum,0.0,0.0,0.0,1.0,0,1210,0,0
artificialWithAnomaly/art_load_balancer_spikes.csv,artificialWithAnomaly,instability_score,0.5779816513761468,0.8,0.6711051930758988,0.20558659217877095,252,184,63,711
artificialWithAnomaly/art_load_balancer_spikes.csv,artificialWithAnomaly,hybrid_windowed_confirmation,0.6899441340782123,0.7841269841269841,0.7340267459138188,0.12402234636871508,247,111,68,784
artificialWithAnomaly/art_load_balancer_spikes.csv,artificialWithAnomaly,volatility_percentile,0.6621983914209115,0.7841269841269841,0.7180232558139534,0.14078212290502792,247,126,68,769
artificialWithAnomaly/art_load_balancer_spikes.csv,artificialWithAnomaly,cusum,0.14024975984630164,0.4634920634920635,0.21533923303834812,1.0,146,895,169,0
realAWSCloudwatch/ec2_cpu_utilization_24ae8d.csv,realAWSCloudwatch,instability_score,0.41975308641975306,0.2537313432835821,0.3162790697674419,0.1745049504950495,102,141,300,667
realAWSCloudwatch/ec2_cpu_utilization_24ae8d.csv,realAWSCloudwatch,hybrid_windowed_confirmation,0.5058823529411764,0.21393034825870647,0.3006993006993007,0.10396039603960396,86,84,316,724
realAWSCloudwatch/ec2_cpu_utilization_24ae8d.csv,realAWSCloudwatch,volatility_percentile,0.4926829268292683,0.2512437810945274,0.3327841845140033,0.12871287128712872,101,104,301,704
realAWSCloudwatch/ec2_cpu_utilization_24ae8d.csv,realAWSCloudwatch,cusum,0.622680412371134,0.7512437810945274,0.6809470124013529,0.2264851485148515,302,183,100,625
realAWSCloudwatch/ec2_cpu_utilization_53ea38.csv,realAWSCloudwatch,instability_score,0.0,0.0,0.0,0.03966942148760331,0,48,0,1162
realAWSCloudwatch/ec2_cpu_utilization_53ea38.csv,realAWSCloudwatch,hybrid_windowed_confirmation,0.0,0.0,0.0,0.047933884297520664,0,58,0,1152
realAWSCloudwatch/ec2_cpu_utilization_53ea38.csv,realAWSCloudwatch,volatility_percentile,0.0,0.0,0.0,0.06446280991735537,0,78,0,1132
realAWSCloudwatch/ec2_cpu_utilization_53ea38.csv,realAWSCloudwatch,cusum,0.0,0.0,0.0,0.0,0,0,0,1210
realAWSCloudwatch/ec2_cpu_utilization_5f5533.csv,realAWSCloudwatch,instability_score,0.1038961038961039,0.15920398009950248,0.12573673870333987,0.27353815659068387,32,276,169,733
realAWSCloudwatch/ec2_cpu_utilization_5f5533.csv,realAWSCloudwatch,hybrid_windowed_confirmation,1.0,0.0945273631840796,0.17272727272727273,0.0,19,0,182,1009
realAWSCloudwatch/ec2_cpu_utilization_5f5533.csv,realAWSCloudwatch,volatility_percentile,1.0,0.10945273631840796,0.19730941704035876,0.0,22,0,179,1009
realAWSCloudwatch/ec2_cpu_utilization_5f5533.csv,realAWSCloudwatch,cusum,0.05743879472693032,0.3034825870646766,0.09659540775930327,0.9920713577799801,61,1001,140,8
realAWSCloudwatch/ec2_cpu_utilization_77c1ca.csv,realAWSCloudwatch,instability_score,0.0,0.0,0.0,0.0603305785123967,0,73,0,1137
realAWSCloudwatch/ec2_cpu_utilization_77c1ca.csv,realAWSCloudwatch,hybrid_windowed_confirmation,0.0,0.0,0.0,0.07272727272727272,0,88,0,1122
realAWSCloudwatch/ec2_cpu_utilization_77c1ca.csv,realAWSCloudwatch,volatility_percentile,0.0,0.0,0.0,0.0834710743801653,0,101,0,1109
realAWSCloudwatch/ec2_cpu_utilization_77c1ca.csv,realAWSCloudwatch,cusum,0.0,0.0,0.0,0.0,0,0,0,1210
realAWSCloudwatch/ec2_cpu_utilization_825cc2.csv,realAWSCloudwatch,instability_score,0.0,0.0,0.0,0.12396694214876033,0,150,0,1060
realAWSCloudwatch/ec2_cpu_utilization_825cc2.csv,realAWSCloudwatch,hybrid_windowed_confirmation,0.0,0.0,0.0,0.05619834710743802,0,68,0,1142
realAWSCloudwatch/ec2_cpu_utilization_825cc2.csv,realAWSCloudwatch,volatility_percentile,0.0,0.0,0.0,0.0743801652892562,0,90,0,1120
realAWSCloudwatch/ec2_cpu_utilization_825cc2.csv,realAWSCloudwatch,cusum,0.0,0.0,0.0,0.3776859504132231,0,457,0,753
realAWSCloudwatch/ec2_cpu_utilization_ac20cd.csv,realAWSCloudwatch,instability_score,0.705,0.34987593052109184,0.4676616915422886,0.07311028500619579,141,59,262,748
realAWSCloudwatch/ec2_cpu_utilization_ac20cd.csv,realAWSCloudwatch,hybrid_windowed_confirmation,1.0,0.0794044665012407,0.1471264367816092,0.0,32,0,371,807
realAWSCloudwatch/ec2_cpu_utilization_ac20cd.csv,realAWSCloudwatch,volatility_percentile,1.0,0.09429280397022333,0.17233560090702948,0.0,38,0,365,807
realAWSCloudwatch/ec2_cpu_utilization_ac20cd.csv,realAWSCloudwatch,cusum,0.4539614561027837,0.5260545905707196,0.48735632183908045,0.3159851301115242,212,255,191,552
realAWSCloudwatch/ec2_cpu_utilization_c6585a.csv,realAWSCloudwatch,instability_score,0.0,0.0,0.0,0.06611570247933884,0,80,0,1130
realAWSCloudwatch/ec2_cpu_utilization_c6585a.csv,realAWSCloudwatch,hybrid_windowed_confirmation,0.0,0.0,0.0,0.06198347107438017,0,75,0,1135
realAWSCloudwatch/ec2_cpu_utilization_c6585a.csv,realAWSCloudwatch,volatility_percentile,0.0,0.0,0.0,0.07933884297520662,0,96,0,1114
realAWSCloudwatch/ec2_cpu_utilization_c6585a.csv,realAWSCloudwatch,cusum,0.0,0.0,0.0,0.3487603305785124,0,422,0,788
realAWSCloudwatch/ec2_cpu_utilization_fe7f93.csv,realAWSCloudwatch,instability_score,0.0,0.0,0.0,0.13140495867768595,0,159,0,1051
realAWSCloudwatch/ec2_cpu_utilization_fe7f93.csv,realAWSCloudwatch,hybrid_windowed_confirmation,0.0,0.0,0.0,0.1834710743801653,0,222,0,988
realAWSCloudwatch/ec2_cpu_utilization_fe7f93.csv,realAWSCloudwatch,volatility_percentile,0.0,0.0,0.0,0.22148760330578512,0,268,0,942
realAWSCloudwatch/ec2_cpu_utilization_fe7f93.csv,realAWSCloudwatch,cusum,0.0,0.0,0.0,0.0,0,0,0,1210
realAWSCloudwatch/ec2_disk_write_bytes_1ef3de.csv,realAWSCloudwatch,instability_score,0.0,0.0,0.0,0.20014094432699084,0,284,0,1135
realAWSCloudwatch/ec2_disk_write_bytes_1ef3de.csv,realAWSCloudwatch,hybrid_windowed_confirmation,0.0,0.0,0.0,0.23749119097956306,0,337,0,1082
realAWSCloudwatch/ec2_disk_write_bytes_1ef3de.csv,realAWSCloudwatch,volatility_percentile,0.0,0.0,0.0,0.2558139534883721,0,363,0,1056
realAWSCloudwatch/ec2_disk_write_bytes_1ef3de.csv,realAWSCloudwatch,cusum,0.0,0.0,0.0,0.9140239605355884,0,1297,0,122
realAWSCloudwatch/ec2_disk_write_bytes_c0d644.csv,realAWSCloudwatch,instability_score,0.0,0.0,0.0,0.062325581395348835,0,67,135,1008
realAWSCloudwatch/ec2_disk_write_bytes_c0d644.csv,realAWSCloudwatch,hybrid_windowed_confirmation,0.0,0.0,0.0,0.04930232558139535,0,53,135,1022
realAWSCloudwatch/ec2_disk_write_bytes_c0d644.csv,realAWSCloudwatch,volatility_percentile,0.0,0.0,0.0,0.04930232558139535,0,53,135,1022
realAWSCloudwatch/ec2_disk_write_bytes_c0d644.csv,realAWSCloudwatch,cusum,0.0,0.0,0.0,0.0,0,0,135,1075
realAWSCloudwatch/ec2_network_in_257a54.csv,realAWSCloudwatch,instability_score,0.0,0.0,0.0,0.05371900826446281,0,65,0,1145
realAWSCloudwatch/ec2_network_in_257a54.csv,realAWSCloudwatch,hybrid_windowed_confirmation,0.0,0.0,0.0,0.0,0,0,0,1210
realAWSCloudwatch/ec2_network_in_257a54.csv,realAWSCloudwatch,volatility_percentile,0.0,0.0,0.0,0.0,0,0,0,1210
realAWSCloudwatch/ec2_network_in_257a54.csv,realAWSCloudwatch,cusum,0.0,0.0,0.0,0.0,0,0,0,1210
realAWSCloudwatch/ec2_network_in_5abac7.csv,realAWSCloudwatch,instability_score,0.0,0.0,0.0,0.12339514978601997,0,173,17,1229
realAWSCloudwatch/ec2_network_in_5abac7.csv,realAWSCloudwatch,hybrid_windowed_confirmation,0.0,0.0,0.0,0.12196861626248216,0,171,17,1231
realAWSCloudwatch/ec2_network_in_5abac7.csv,realAWSCloudwatch,volatility_percentile,0.0,0.0,0.0,0.14764621968616262,0,207,17,1195
realAWSCloudwatch/ec2_network_in_5abac7.csv,realAWSCloudwatch,cusum,0.011980267794221282,1.0,0.023676880222841222,1.0,17,1402,0,0
realAWSCloudwatch/elb_request_count_8c0756.csv,realAWSCloudwatch,instability_score,0.17532467532467533,0.13432835820895522,0.15211267605633805,0.12586719524281467,27,127,174,882
realAWSCloudwatch/elb_request_count_8c0756.csv,realAWSCloudwatch,hybrid_windowed_confirmation,0.7162162162162162,0.263681592039801,0.3854545454545455,0.02081268582755203,53,21,148,988
realAWSCloudwatch/elb_request_count_8c0756.csv,realAWSCloudwatch,volatility_percentile,0.651685393258427,0.2885572139303483,0.4,0.030723488602576808,58,31,143,978
realAWSCloudwatch/elb_request_count_8c0756.csv,realAWSCloudwatch,cusum,0.2885714285714286,0.5024875621890548,0.3666061705989111,0.24677898909811694,101,249,100,760
realAWSCloudwatch/grok_asg_anomaly.csv,realAWSCloudwatch,instability_score,0.3552123552123552,0.5935483870967742,0.4444444444444445,0.13555194805194806,92,167,63,1065
realAWSCloudwatch/grok_asg_anomaly.csv,realAWSCloudwatch,hybrid_windowed_confirmation,0.29739776951672864,0.5161290322580645,0.3773584905660377,0.1534090909090909,80,189,75,1043
realAWSCloudwatch/grok_asg_anomaly.csv,realAWSCloudwatch,volatility_percentile,0.1673469387755102,0.5290322580645161,0.25426356589147286,0.33116883116883117,82,408,73,824
realAWSCloudwatch/grok_asg_anomaly.csv,realAWSCloudwatch,cusum,0.0,0.0,0.0,0.0,0,0,155,1232
realAWSCloudwatch/iio_us-east-1_i-a2eb1cd9_NetworkIn.csv,realAWSCloudwatch,instability_score,0.0,0.0,0.0,0.002680965147453083,0,1,0,372
realAWSCloudwatch/iio_us-east-1_i-a2eb1cd9_NetworkIn.csv,realAWSCloudwatch,hybrid_windowed_confirmation,0.0,0.0,0.0,0.0,0,0,0,373
realAWSCloudwatch/iio_us-east-1_i-a2eb1cd9_NetworkIn.csv,realAWSCloudwatch,volatility_percentile,0.0,0.0,0.0,0.0,0,0,0,373
realAWSCloudwatch/iio_us-east-1_i-a2eb1cd9_NetworkIn.csv,realAWSCloudwatch,cusum,0.0,0.0,0.0,0.0,0,0,0,373
realAWSCloudwatch/rds_cpu_utilization_cc0c53.csv,realAWSCloudwatch,instability_score,0.3723404255319149,0.6965174129353234,0.4852686308492202,0.5841584158415841,280,472,122,336
realAWSCloudwatch/rds_cpu_utilization_cc0c53.csv,realAWSCloudwatch,hybrid_windowed_confirmation,0.3257261410788382,0.7810945273631841,0.45973645680819913,0.8044554455445545,314,650,88,158
realAWSCloudwatch/rds_cpu_utilization_cc0c53.csv,realAWSCloudwatch,volatility_percentile,0.3350151362260343,0.8258706467661692,0.4766690595836324,0.8155940594059405,332,659,70,149
realAWSCloudwatch/rds_cpu_utilization_cc0c53.csv,realAWSCloudwatch,cusum,0.3172268907563025,0.7512437810945274,0.4460856720827179,0.8044554455445545,302,650,100,158
realAWSCloudwatch/rds_cpu_utilization_e47b3b.csv,realAWSCloudwatch,instability_score,0.0,0.0,0.0,0.18016528925619835,0,218,0,992
realAWSCloudwatch/rds_cpu_utilization_e47b3b.csv,realAWSCloudwatch,hybrid_windowed_confirmation,0.0,0.0,0.0,0.10826446280991736,0,131,0,1079
realAWSCloudwatch/rds_cpu_utilization_e47b3b.csv,realAWSCloudwatch,volatility_percentile,0.0,0.0,0.0,0.5338842975206611,0,646,0,564
realAWSCloudwatch/rds_cpu_utilization_e47b3b.csv,realAWSCloudwatch,cusum,0.0,0.0,0.0,0.0,0,0,0,1210
realAdExchange/exchange-2_cpc_results.csv,realAdExchange,instability_score,0.0,0.0,0.0,0.06352459016393443,0,31,0,457
realAdExchange/exchange-2_cpc_results.csv,realAdExchange,hybrid_windowed_confirmation,0.0,0.0,0.0,0.03483606557377049,0,17,0,471
realAdExchange/exchange-2_cpc_results.csv,realAdExchange,volatility_percentile,0.0,0.0,0.0,0.06557377049180328,0,32,0,456
realAdExchange/exchange-2_cpc_results.csv,realAdExchange,cusum,0.0,0.0,0.0,0.0,0,0,0,488
realAdExchange/exchange-2_cpm_results.csv,realAdExchange,instability_score,0.0,0.0,0.0,0.11475409836065574,0,56,0,432
realAdExchange/exchange-2_cpm_results.csv,realAdExchange,hybrid_windowed_confirmation,0.0,0.0,0.0,0.09221311475409837,0,45,0,443
realAdExchange/exchange-2_cpm_results.csv,realAdExchange,volatility_percentile,0.0,0.0,0.0,0.09221311475409837,0,45,0,443
realAdExchange/exchange-2_cpm_results.csv,realAdExchange,cusum,0.0,0.0,0.0,0.0,0,0,0,488
realAdExchange/exchange-3_cpc_results.csv,realAdExchange,instability_score,0.0,0.0,0.0,0.047619047619047616,0,22,0,440
realAdExchange/exchange-3_cpc_results.csv,realAdExchange,hybrid_windowed_confirmation,0.0,0.0,0.0,0.025974025974025976,0,12,0,450
realAdExchange/exchange-3_cpc_results.csv,realAdExchange,volatility_percentile,0.0,0.0,0.0,0.04112554112554113,0,19,0,443
realAdExchange/exchange-3_cpc_results.csv,realAdExchange,cusum,0.0,0.0,0.0,0.0,0,0,0,462
realAdExchange/exchange-3_cpm_results.csv,realAdExchange,instability_score,0.21893491124260356,0.30327868852459017,0.2542955326460481,0.38823529411764707,37,132,85,208
realAdExchange/exchange-3_cpm_results.csv,realAdExchange,hybrid_windowed_confirmation,0.27710843373493976,0.1885245901639344,0.224390243902439,0.17647058823529413,23,60,99,280
realAdExchange/exchange-3_cpm_results.csv,realAdExchange,volatility_percentile,0.27710843373493976,0.1885245901639344,0.224390243902439,0.17647058823529413,23,60,99,280
realAdExchange/exchange-3_cpm_results.csv,realAdExchange,cusum,0.18465227817745802,0.6311475409836066,0.28571428571428575,1.0,77,340,45,0
realAdExchange/exchange-4_cpc_results.csv,realAdExchange,instability_score,0.13131313131313133,0.23636363636363636,0.16883116883116883,0.1963470319634703,13,86,42,352
realAdExchange/exchange-4_cpc_results.csv,realAdExchange,hybrid_windowed_confirmation,0.1509433962264151,0.5818181818181818,0.2397003745318352,0.410958904109589,32,180,23,258
realAdExchange/exchange-4_cpc_results.csv,realAdExchange,volatility_percentile,0.13793103448275862,0.5818181818181818,0.22299651567944248,0.45662100456621,32,200,23,238
realAdExchange/exchange-4_cpc_results.csv,realAdExchange,cusum,0.07629427792915532,0.509090909090909,0.13270142180094785,0.773972602739726,28,339,27,99
realAdExchange/exchange-4_cpm_results.csv,realAdExchange,instability_score,0.1566265060240964,0.15853658536585366,0.1575757575757576,0.170316301703163,13,70,69,341
realAdExchange/exchange-4_cpm_results.csv,realAdExchange,hybrid_windowed_confirmation,0.32934131736526945,0.6707317073170732,0.44176706827309237,0.2725060827250608,55,112,27,299
realAdExchange/exchange-4_cpm_results.csv,realAdExchange,volatility_percentile,0.3157894736842105,0.7317073170731707,0.4411764705882353,0.31630170316301703,60,130,22,281
realAdExchange/exchange-4_cpm_results.csv,realAdExchange,cusum,0.16893732970027248,0.7560975609756098,0.2761692650334075,0.7420924574209246,62,305,20,106
realKnownCause/ambient_temperature_system_failure.csv,realKnownCause,instability_score,0.18654434250764526,0.5041322314049587,0.27232142857142855,0.4389438943894389,183,798,180,1020
realKnownCause/ambient_temperature_system_failure.csv,realKnownCause,hybrid_windowed_confirmation,0.2306805074971165,0.5509641873278237,0.3252032520325203,0.36688668866886687,200,667,163,1151
realKnownCause/ambient_temperature_system_failure.csv,realKnownCause,volatility_percentile,0.2208067940552017,0.5730027548209367,0.31877394636015327,0.40374037403740376,208,734,155,1084
realKnownCause/ambient_temperature_system_failure.csv,realKnownCause,cusum,0.0,0.0,0.0,0.0,0,0,363,1818
realKnownCause/cpu_utilization_asg_misconfiguration.csv,realKnownCause,instability_score,0.28031634446397186,0.4256170780520347,0.3380132450331126,0.41828396322778344,638,1638,861,2278
realKnownCause/cpu_utilization_asg_misconfiguration.csv,realKnownCause,hybrid_windowed_confirmation,0.2071366405570061,0.15877251501000667,0.17975830815709967,0.23263534218590398,238,911,1261,3005
realKnownCause/cpu_utilization_asg_misconfiguration.csv,realKnownCause,volatility_percentile,0.1781115879828326,0.16611074049366245,0.17190196755264067,0.29341164453524005,249,1149,1250,2767
realKnownCause/cpu_utilization_asg_misconfiguration.csv,realKnownCause,cusum,0.2768236380424746,1.0,0.4336129592131906,1.0,1499,3916,0,0
realKnownCause/ec2_request_latency_system_failure.csv,realKnownCause,instability_score,0.4558303886925795,0.6113744075829384,0.522267206477733,0.15415415415415415,129,154,82,845
realKnownCause/ec2_request_latency_system_failure.csv,realKnownCause,hybrid_windowed_confirmation,0.47297297297297297,0.33175355450236965,0.38997214484679665,0.07807807807807808,70,78,141,921
realKnownCause/ec2_request_latency_system_failure.csv,realKnownCause,volatility_percentile,0.3211009174311927,0.33175355450236965,0.3263403263403264,0.14814814814814814,70,148,141,851
realKnownCause/ec2_request_latency_system_failure.csv,realKnownCause,cusum,0.17896522476675147,1.0,0.30359712230215824,0.968968968968969,211,968,0,31
realKnownCause/machine_temperature_system_failure.csv,realKnownCause,instability_score,0.32577565632458233,0.24074074074074073,0.2768762677484787,0.09955947136563877,273,565,861,5110
realKnownCause/machine_temperature_system_failure.csv,realKnownCause,hybrid_windowed_confirmation,0.36808846761453395,0.2054673721340388,0.2637238256932654,0.07048458149779736,233,400,901,5275
realKnownCause/machine_temperature_system_failure.csv,realKnownCause,volatility_percentile,0.31210191082802546,0.21604938271604937,0.2553413236060448,0.09515418502202644,245,540,889,5135
realKnownCause/machine_temperature_system_failure.csv,realKnownCause,cusum,0.0,0.0,0.0,0.0,0,0,1134,5675
realKnownCause/nyc_taxi.csv,realKnownCause,instability_score,0.3323615160349854,0.16642335766423358,0.2217898832684825,0.09494195688225539,114,229,571,2183
realKnownCause/nyc_taxi.csv,realKnownCause,hybrid_windowed_confirmation,0.0625,0.014598540145985401,0.023668639053254437,0.06218905472636816,10,150,675,2262
realKnownCause/nyc_taxi.csv,realKnownCause,volatility_percentile,0.06584362139917696,0.02335766423357664,0.034482758620689655,0.09411276948590382,16,227,669,2185
realKnownCause/nyc_taxi.csv,realKnownCause,cusum,0.0,0.0,0.0,0.0,0,0,685,2412
realKnownCause/rogue_agent_key_hold.csv,realKnownCause,instability_score,0.112,0.7777777777777778,0.1958041958041958,0.20292504570383912,14,111,4,436
realKnownCause/rogue_agent_key_hold.csv,realKnownCause,hybrid_windowed_confirmation,0.096045197740113,0.9444444444444444,0.17435897435897435,0.29250457038391225,17,160,1,387
realKnownCause/rogue_agent_key_hold.csv,realKnownCause,volatility_percentile,0.07906976744186046,0.9444444444444444,0.14592274678111586,0.3619744058500914,17,198,1,349
realKnownCause/rogue_agent_key_hold.csv,realKnownCause,cusum,0.0,0.0,0.0,0.4753199268738574,0,260,18,287
realKnownCause/rogue_agent_key_updown.csv,realKnownCause,instability_score,0.0,0.0,0.0,0.174294670846395,0,278,0,1317
realKnownCause/rogue_agent_key_updown.csv,realKnownCause,hybrid_windowed_confirmation,0.0,0.0,0.0,0.19059561128526645,0,304,0,1291
realKnownCause/rogue_agent_key_updown.csv,realKnownCause,volatility_percentile,0.0,0.0,0.0,0.2244514106583072,0,358,0,1237
realKnownCause/rogue_agent_key_updown.csv,realKnownCause,cusum,0.0,0.0,0.0,0.0,0,0,0,1595
realTraffic/TravelTime_387.csv,realTraffic,instability_score,0.0,0.0,0.0,0.072,0,54,0,696
realTraffic/TravelTime_387.csv,realTraffic,hybrid_windowed_confirmation,0.0,0.0,0.0,0.056,0,42,0,708
realTraffic/TravelTime_387.csv,realTraffic,volatility_percentile,0.0,0.0,0.0,0.08933333333333333,0,67,0,683
realTraffic/TravelTime_387.csv,realTraffic,cusum,0.0,0.0,0.0,0.612,0,459,0,291
realTraffic/TravelTime_451.csv,realTraffic,instability_score,0.0,0.0,0.0,0.01848998459167951,0,12,0,637
realTraffic/TravelTime_451.csv,realTraffic,hybrid_windowed_confirmation,0.0,0.0,0.0,0.0,0,0,0,649
realTraffic/TravelTime_451.csv,realTraffic,volatility_percentile,0.0,0.0,0.0,0.0,0,0,0,649
realTraffic/TravelTime_451.csv,realTraffic,cusum,0.0,0.0,0.0,0.0,0,0,0,649
realTraffic/occupancy_6005.csv,realTraffic,instability_score,0.3894736842105263,0.16972477064220184,0.23642172523961666,0.11693548387096774,37,58,181,438
realTraffic/occupancy_6005.csv,realTraffic,hybrid_windowed_confirmation,0.3125,0.13761467889908258,0.1910828025477707,0.13306451612903225,30,66,188,430
realTraffic/occupancy_6005.csv,realTraffic,volatility_percentile,0.29838709677419356,0.16972477064220184,0.21637426900584797,0.17540322580645162,37,87,181,409
realTraffic/occupancy_6005.csv,realTraffic,cusum,0.19480519480519481,0.5504587155963303,0.2877697841726619,1.0,120,496,98,0
realTraffic/occupancy_t4013.csv,realTraffic,instability_score,0.8695652173913043,0.32,0.46783625730994155,0.024,80,12,170,488
realTraffic/occupancy_t4013.csv,realTraffic,hybrid_windowed_confirmation,0.9142857142857143,0.256,0.39999999999999997,0.012,64,6,186,494
realTraffic/occupancy_t4013.csv,realTraffic,volatility_percentile,0.6336633663366337,0.256,0.3646723646723647,0.074,64,37,186,463
realTraffic/occupancy_t4013.csv,realTraffic,cusum,0.3333333333333333,1.0,0.5,1.0,250,500,0,0
realTraffic/speed_6005.csv,realTraffic,instability_score,0.5802469135802469,0.39330543933054396,0.4688279301745636,0.13307240704500978,94,68,145,443
realTraffic/speed_6005.csv,realTraffic,hybrid_windowed_confirmation,0.5168539325842697,0.19246861924686193,0.28048780487804875,0.08414872798434442,46,43,193,468
realTraffic/speed_6005.csv,realTraffic,volatility_percentile,0.5054945054945055,0.19246861924686193,0.2787878787878788,0.08806262230919765,46,45,193,466
realTraffic/speed_6005.csv,realTraffic,cusum,0.6096938775510204,1.0,0.7575277337559431,0.299412915851272,239,153,0,358
realTraffic/speed_7578.csv,realTraffic,instability_score,0.35714285714285715,0.7758620689655172,0.48913043478260876,0.28825622775800713,45,81,13,200
realTraffic/speed_7578.csv,realTraffic,hybrid_windowed_confirmation,0.6515151515151515,0.7413793103448276,0.6935483870967741,0.08185053380782918,43,23,15,258
realTraffic/speed_7578.csv,realTraffic,volatility_percentile,0.6417910447761194,0.7413793103448276,0.688,0.08540925266903915,43,24,15,257
realTraffic/speed_7578.csv,realTraffic,cusum,0.0,0.0,0.0,0.0,0,0,58,281
realTraffic/speed_t4013.csv,realTraffic,instability_score,0.8214285714285714,0.46,0.5897435897435898,0.050100200400801605,115,25,135,474
realTraffic/speed_t4013.csv,realTraffic,hybrid_windowed_confirmation,0.8990825688073395,0.392,0.5459610027855154,0.022044088176352707,98,11,152,488
realTraffic/speed_t4013.csv,realTraffic,volatility_percentile,0.7697841726618705,0.428,0.5501285347043702,0.06412825651302605,107,32,143,467
realTraffic/speed_t4013.csv,realTraffic,cusum,0.0,0.0,0.0,0.0,0,0,250,499
realTweets/Twitter_volume_AAPL.csv,realTweets,instability_score,0.0,0.0,0.0,0.11486061622301404,0,548,0,4223
realTweets/Twitter_volume_AAPL.csv,realTweets,hybrid_windowed_confirmation,0.0,0.0,0.0,0.07839027457556068,0,374,0,4397
realTweets/Twitter_volume_AAPL.csv,realTweets,volatility_percentile,0.0,0.0,0.0,0.11674701320477887,0,557,0,4214
realTweets/Twitter_volume_AAPL.csv,realTweets,cusum,0.0,0.0,0.0,0.0,0,0,0,4771
realTweets/Twitter_volume_AMZN.csv,realTweets,instability_score,0.21822849807445444,0.43037974683544306,0.28960817717206133,0.13983926521239953,170,609,225,3746
realTweets/Twitter_volume_AMZN.csv,realTweets,hybrid_windowed_confirmation,0.2967032967032967,0.34177215189873417,0.31764705882352945,0.07347876004592423,135,320,260,4035
realTweets/Twitter_volume_AMZN.csv,realTweets,volatility_percentile,0.2845691382765531,0.3594936708860759,0.3176733780760626,0.08197474167623421,142,357,253,3998
realTweets/Twitter_volume_AMZN.csv,realTweets,cusum,0.0,0.0,0.0,0.0,0,0,395,4355
realTweets/Twitter_volume_CRM.csv,realTweets,instability_score,0.0,0.0,0.0,0.09390064975896038,0,448,0,4323
realTweets/Twitter_volume_CRM.csv,realTweets,hybrid_windowed_confirmation,0.0,0.0,0.0,0.031859149025361556,0,152,0,4619
realTweets/Twitter_volume_CRM.csv,realTweets,volatility_percentile,0.0,0.0,0.0,0.045692726891636976,0,218,0,4553
realTweets/Twitter_volume_CRM.csv,realTweets,cusum,0.0,0.0,0.0,0.0,0,0,0,4771
realTweets/Twitter_volume_CVS.csv,realTweets,instability_score,0.21481481481481482,0.14609571788413098,0.17391304347826086,0.04863500802936453,58,212,339,4147
realTweets/Twitter_volume_CVS.csv,realTweets,hybrid_windowed_confirmation,0.14469453376205788,0.11335012594458438,0.1271186440677966,0.061023170451938516,45,266,352,4093
realTweets/Twitter_volume_CVS.csv,realTweets,volatility_percentile,0.09151414309484193,0.1385390428211587,0.11022044088176353,0.12525808671713695,55,546,342,3813
realTweets/Twitter_volume_CVS.csv,realTweets,cusum,0.0,0.0,0.0,0.0,0,0,397,4359
realTweets/Twitter_volume_FB.csv,realTweets,instability_score,0.0,0.0,0.0,0.08989473684210526,0,427,0,4323
realTweets/Twitter_volume_FB.csv,realTweets,hybrid_windowed_confirmation,0.0,0.0,0.0,0.06715789473684211,0,319,0,4431
realTweets/Twitter_volume_FB.csv,realTweets,volatility_percentile,0.0,0.0,0.0,0.10357894736842105,0,492,0,4258
realTweets/Twitter_volume_FB.csv,realTweets,cusum,0.0,0.0,0.0,1.0,0,4750,0,0
realTweets/Twitter_volume_GOOG.csv,realTweets,instability_score,0.0,0.0,0.0,0.04733852303808121,0,225,0,4528
realTweets/Twitter_volume_GOOG.csv,realTweets,hybrid_windowed_confirmation,0.0,0.0,0.0,0.05322953923837576,0,253,0,4500
realTweets/Twitter_volume_GOOG.csv,realTweets,volatility_percentile,0.0,0.0,0.0,0.06101409636019356,0,290,0,4463
realTweets/Twitter_volume_GOOG.csv,realTweets,cusum,0.0,0.0,0.0,0.0,0,0,0,4753
realTweets/Twitter_volume_IBM.csv,realTweets,instability_score,0.2620380739081747,0.2943396226415094,0.27725118483412325,0.16586961993455826,234,659,561,3314
realTweets/Twitter_volume_IBM.csv,realTweets,hybrid_windowed_confirmation,0.2529488859764089,0.24276729559748428,0.24775353016688062,0.1434684117795117,193,570,602,3403
realTweets/Twitter_volume_IBM.csv,realTweets,volatility_percentile,0.2627906976744186,0.2842767295597484,0.27311178247734136,0.1595771457337025,226,634,569,3339
realTweets/Twitter_volume_IBM.csv,realTweets,cusum,0.6147919876733436,0.5018867924528302,0.5526315789473685,0.06292474200855777,399,250,396,3723
realTweets/Twitter_volume_KO.csv,realTweets,instability_score,0.2853717026378897,0.11247637051039698,0.16135593220338984,0.0805840995132504,119,298,939,3400
realTweets/Twitter_volume_KO.csv,realTweets,hybrid_windowed_confirmation,0.3901345291479821,0.08223062381852551,0.13583138173302106,0.03677663601946998,87,136,971,3562
realTweets/Twitter_volume_KO.csv,realTweets,volatility_percentile,0.3595505617977528,0.09073724007561437,0.1449056603773585,0.046241211465657114,96,171,962,3527
realTweets/Twitter_volume_KO.csv,realTweets,cusum,0.22494592645998557,0.8846880907372401,0.3586894041004024,0.872093023255814,936,3225,122,473
realTweets/Twitter_volume_PFE.csv,realTweets,instability_score,0.043859649122807015,0.05037783375314862,0.04689331770222743,0.09997706947947718,20,436,377,3925
realTweets/Twitter_volume_PFE.csv,realTweets,hybrid_windowed_confirmation,0.13711583924349882,0.14609571788413098,0.14146341463414636,0.08369639990827792,58,365,339,3996
realTweets/Twitter_volume_PFE.csv,realTweets,volatility_percentile,0.17107309486780714,0.2770780856423174,0.21153846153846154,0.12221967438660858,110,533,287,3828
realTweets/Twitter_volume_PFE.csv,realTweets,cusum,0.0,0.0,0.0,0.0,0,0,397,4361
realTweets/Twitter_volume_UPS.csv,realTweets,instability_score,0.0,0.0,0.0,0.045588235294117645,0,217,0,4543
realTweets/Twitter_volume_UPS.csv,realTweets,hybrid_windowed_confirmation,0.0,0.0,0.0,0.04747899159663865,0,226,0,4534
realTweets/Twitter_volume_UPS.csv,realTweets,volatility_percentile,0.0,0.0,0.0,0.05273109243697479,0,251,0,4509
realTweets/Twitter_volume_UPS.csv,realTweets,cusum,0.0,0.0,0.0,0.0,0,0,0,4760
